{
    "0": [
        0.9250423908233643,
        0.9760786890983582
    ],
    "1": [
        0.925035297870636,
        0.8862534165382385
    ],
    "2": [
        0.9305362701416016,
        0.8184400200843811
    ],
    "3": [
        0.935512900352478,
        0.766595184803009
    ],
    "4": [
        0.9210467338562012,
        0.6792141199111938
    ],
    "5": [
        0.9344165325164795,
        0.5686118602752686
    ],
    "6": [
        0.9056522250175476,
        0.5152292251586914
    ],
    "7": [
        0.9715420007705688,
        0.4369554817676544
    ],
    "8": [
        0.967774510383606,
        0.3612290024757385
    ],
    "9": [
        0.9235698580741882,
        0.2632869780063629
    ],
    "10": [
        1.0,
        0.2081473469734192
    ],
    "11": [
        0.9769136905670166,
        0.11085937917232513
    ],
    "12": [
        0.9250423908233643,
        0.014751306734979153
    ],
    "13": [
        0.9005622863769531,
        0.051953788846731186
    ],
    "14": [
        0.843376100063324,
        0.028289269655942917
    ],
    "15": [
        0.8093337416648865,
        0.07886233925819397
    ],
    "16": [
        0.8528085350990295,
        0.16646169126033783
    ],
    "17": [
        0.8443503975868225,
        0.23878437280654907
    ],
    "18": [
        0.819912314414978,
        0.30976080894470215
    ],
    "19": [
        0.7980902194976807,
        0.4192013740539551
    ],
    "20": [
        0.794532060623169,
        0.5036466717720032
    ],
    "21": [
        0.8010304570198059,
        0.5618974566459656
    ],
    "22": [
        0.8112814426422119,
        0.6558462381362915
    ],
    "23": [
        0.7984452247619629,
        0.7346387505531311
    ],
    "24": [
        0.8570642471313477,
        0.8111748695373535
    ],
    "25": [
        0.8642113208770752,
        0.8857005834579468
    ],
    "26": [
        0.8155341744422913,
        0.9749472737312317
    ],
    "27": [
        0.8042204976081848,
        1.0
    ],
    "28": [
        0.7381150722503662,
        0.9763882160186768
    ],
    "29": [
        0.7510672807693481,
        0.9334824085235596
    ],
    "30": [
        0.7055332660675049,
        0.8593958020210266
    ],
    "31": [
        0.717549741268158,
        0.7788124084472656
    ],
    "32": [
        0.7375091314315796,
        0.693337082862854
    ],
    "33": [
        0.7500457167625427,
        0.6059784293174744
    ],
    "34": [
        0.7383273839950562,
        0.5693619847297668
    ],
    "35": [
        0.741225004196167,
        0.4170081913471222
    ],
    "36": [
        0.7547317743301392,
        0.3716815114021301
    ],
    "37": [
        0.7390472888946533,
        0.2808127701282501
    ],
    "38": [
        0.7455118298530579,
        0.19161783158779144
    ],
    "39": [
        0.7601869106292725,
        0.09893155843019485
    ],
    "40": [
        0.7556573748588562,
        0.0
    ],
    "41": [
        0.6681879758834839,
        0.022609131410717964
    ],
    "42": [
        0.6249269843101501,
        0.04515008628368378
    ],
    "43": [
        0.6355112195014954,
        0.0951547846198082
    ],
    "44": [
        0.6362805366516113,
        0.17159223556518555
    ],
    "45": [
        0.6230171322822571,
        0.2424052208662033
    ],
    "46": [
        0.6098673343658447,
        0.31884998083114624
    ],
    "47": [
        0.6458796262741089,
        0.4305560290813446
    ],
    "48": [
        0.6020988821983337,
        0.5097077488899231
    ],
    "49": [
        0.6152458786964417,
        0.5735531449317932
    ],
    "50": [
        0.6596221923828125,
        0.8013030886650085
    ],
    "51": [
        0.6258740425109863,
        0.8694320917129517
    ],
    "52": [
        0.618979275226593,
        0.9642905592918396
    ],
    "53": [
        0.6261928081512451,
        0.9806689620018005
    ],
    "54": [
        0.5718352198600769,
        0.9818614721298218
    ],
    "55": [
        0.576409101486206,
        0.9528141021728516
    ],
    "56": [
        0.5754832029342651,
        0.8675553202629089
    ],
    "57": [
        0.5833644270896912,
        0.7958943247795105
    ],
    "58": [
        0.5689563751220703,
        0.7198113203048706
    ],
    "59": [
        0.5752929449081421,
        0.6607264280319214
    ],
    "60": [
        0.5730531215667725,
        0.5336254835128784
    ],
    "61": [
        0.5734826922416687,
        0.4617656469345093
    ],
    "62": [
        0.5433529019355774,
        0.3922537565231323
    ],
    "63": [
        0.5542334318161011,
        0.3452913463115692
    ],
    "64": [
        0.5346861481666565,
        0.2314818799495697
    ],
    "65": [
        0.5814430117607117,
        0.17280922830104828
    ],
    "66": [
        0.5351881384849548,
        0.05798807367682457
    ],
    "67": [
        0.5290104746818542,
        0.03310573101043701
    ],
    "68": [
        0.49010249972343445,
        0.03734561428427696
    ],
    "69": [
        0.4622248113155365,
        0.025899846106767654
    ],
    "70": [
        0.4654920697212219,
        0.09980121999979019
    ],
    "71": [
        0.4856013357639313,
        0.2084265649318695
    ],
    "72": [
        0.43740761280059814,
        0.3264256417751312
    ],
    "73": [
        0.43918898701667786,
        0.3883867561817169
    ],
    "74": [
        0.45286133885383606,
        0.44395455718040466
    ],
    "75": [
        0.5008165836334229,
        0.5405302047729492
    ],
    "76": [
        0.4533781409263611,
        0.5940178632736206
    ],
    "77": [
        0.46541374921798706,
        0.6806688904762268
    ],
    "78": [
        0.4787640869617462,
        0.7603938579559326
    ],
    "79": [
        0.4659113883972168,
        0.8788483142852783
    ],
    "80": [
        0.46896442770957947,
        0.9496174454689026
    ],
    "81": [
        0.4547055661678314,
        0.9794608354568481
    ],
    "82": [
        0.4032444953918457,
        0.953731119632721
    ],
    "83": [
        0.40866798162460327,
        0.9173204302787781
    ],
    "84": [
        0.41962915658950806,
        0.8437322974205017
    ],
    "85": [
        0.37162625789642334,
        0.7669787406921387
    ],
    "86": [
        0.4069772958755493,
        0.6810998320579529
    ],
    "87": [
        0.41813769936561584,
        0.6044027805328369
    ],
    "88": [
        0.4206492602825165,
        0.534464955329895
    ],
    "89": [
        0.3830317556858063,
        0.43474406003952026
    ],
    "90": [
        0.3618457019329071,
        0.38129332661628723
    ],
    "91": [
        0.37866610288619995,
        0.2795848250389099
    ],
    "92": [
        0.36462801694869995,
        0.21881099045276642
    ],
    "93": [
        0.3592468500137329,
        0.13367243111133575
    ],
    "94": [
        0.3658566474914551,
        0.04090370237827301
    ],
    "95": [
        0.3537752032279968,
        0.04525980353355408
    ],
    "96": [
        0.3051054775714874,
        0.01602575182914734
    ],
    "97": [
        0.2972898483276367,
        0.09549690783023834
    ],
    "98": [
        0.2999015748500824,
        0.1697557419538498
    ],
    "99": [
        0.3133852183818817,
        0.2820286452770233
    ],
    "100": [
        0.28214025497436523,
        0.43681782484054565
    ],
    "101": [
        0.32106098532676697,
        0.5171800851821899
    ],
    "102": [
        0.33518272638320923,
        0.5997902154922485
    ],
    "103": [
        0.32341885566711426,
        0.6879370808601379
    ],
    "104": [
        0.2874089777469635,
        0.75123131275177
    ],
    "105": [
        0.3059629797935486,
        0.8526468873023987
    ],
    "106": [
        0.33599573373794556,
        0.8841922879219055
    ],
    "107": [
        0.29621976613998413,
        0.9445816874504089
    ],