{
    "18": [
        0.9097253084182739,
        0.9886547327041626
    ],
    "19": [
        0.9446929693222046,
        0.9963403344154358
    ],
    "20": [
        0.9254975914955139,
        0.9051538109779358
    ],
    "21": [
        1.0,
        0.8108818531036377
    ],
    "22": [
        0.9989839792251587,
        0.7501021027565002
    ],
    "23": [
        0.9937614798545837,
        0.6862035989761353
    ],
    "24": [
        0.9490256309509277,
        0.606194794178009
    ],
    "25": [
        0.9284789562225342,
        0.5149512887001038
    ],
    "26": [
        0.9318842887878418,
        0.4416137933731079
    ],
    "27": [
        0.9538156390190125,
        0.35828128457069397
    ],
    "28": [
        0.9363400936126709,
        0.2956758141517639
    ],
    "29": [
        0.9217836260795593,
        0.21770742535591125
    ],
    "30": [
        0.9311791062355042,
        0.1357845813035965
    ],
    "31": [
        0.9235978722572327,
        0.0691596120595932
    ],
    "32": [
        0.9446929693222046,
        0.06370054185390472
    ],
    "33": [
        0.8577592372894287,
        0.07695738226175308
    ],
    "34": [
        0.8267090320587158,
        0.08210259675979614
    ],
    "35": [
        0.7798330187797546,
        0.14290368556976318
    ],
    "36": [
        0.783866822719574,
        0.20562416315078735
    ],
    "37": [
        0.7830752730369568,
        0.27506282925605774
    ],
    "38": [
        0.8323891162872314,
        0.3133525848388672
    ],
    "39": [
        0.7997145056724548,
        0.4199827313423157
    ],
    "40": [
        0.8398088812828064,
        0.45152202248573303
    ],
    "41": [
        0.8115968704223633,
        0.537184476852417
    ],
    "42": [
        0.7786468863487244,
        0.6213881969451904
    ],
    "43": [
        0.8083450794219971,
        0.6046185493469238
    ],
    "44": [
        0.8007429838180542,
        0.6739256978034973
    ],
    "45": [
        0.8523797988891602,
        0.7656319737434387
    ],
    "46": [
        0.800931990146637,
        0.8018718361854553
    ],
    "47": [
        0.8580271601676941,
        0.8737209439277649
    ],
    "48": [
        0.864223837852478,
        0.9490330815315247
    ],
    "49": [
        0.7266838550567627,
        0.9833661317825317
    ],
    "50": [
        0.7110019326210022,
        0.9146566987037659
    ],
    "51": [
        0.6998098492622375,
        0.8569119572639465
    ],
    "52": [
        0.7170571088790894,
        0.7564566135406494
    ],
    "53": [
        0.7122467160224915,
        0.6897382736206055
    ],
    "54": [
        0.7123872637748718,
        0.629372239112854
    ],
    "55": [
        0.709034264087677,
        0.5763169527053833
    ],
    "56": [
        0.6683812737464905,
        0.4847986698150635
    ],
    "57": [
        0.7037661075592041,
        0.4547439515590668
    ],
    "58": [
        0.6837977170944214,
        0.3409823775291443
    ],
    "59": [
        0.7036789059638977,
        0.2708379626274109
    ],
    "60": [
        0.7246145606040955,
        0.21073035895824432
    ],
    "61": [
        0.7084841728210449,
        0.1323384940624237
    ],
    "62": [
        0.724498450756073,
        0.06056221202015877
    ],
    "63": [
        0.6500780582427979,
        0.07100243866443634
    ],
    "64": [
        0.587608814239502,
        0.07708068937063217
    ],
    "65": [
        0.5501703023910522,
        0.06707581877708435
    ],
    "66": [
        0.5293169617652893,
        0.13307903707027435
    ],
    "67": [
        0.5273967385292053,
        0.1888226568698883
    ],
    "68": [
        0.5176360011100769,
        0.26564380526542664
    ],
    "69": [
        0.5325618386268616,
        0.3454115390777588
    ],
    "70": [
        0.5434777140617371,
        0.3959747850894928
    ],
    "71": [
        0.5331332683563232,
        0.4440343379974365
    ],
    "72": [
        0.5582643151283264,
        0.5160039663314819
    ],
    "73": [
        0.5368911623954773,
        0.599986732006073
    ],
    "74": [
        0.5694389939308167,
        0.6893677115440369
    ],
    "75": [
        0.5520955324172974,
        0.7334949970245361
    ],
    "76": [
        0.5352367162704468,
        0.8213963508605957
    ],
    "77": [
        0.5201412439346313,
        0.8819799423217773
    ],
    "78": [
        0.5773254036903381,
        0.9847452044487
    ],
    "79": [
        0.4802897870540619,
        0.9561312198638916
    ],
    "80": [
        0.44391900300979614,
        0.9239434003829956
    ],
    "81": [
        0.38575759530067444,
        0.9464586973190308
    ],
    "82": [
        0.3847106993198395,
        0.8859448432922363
    ],
    "83": [
        0.380657434463501,
        0.8186779022216797
    ],
    "84": [
        0.3815422058105469,
        0.7437911629676819
    ],
    "85": [
        0.40779876708984375,
        0.6667661070823669
    ],
    "86": [
        0.43458348512649536,
        0.59707111120224
    ],
    "87": [
        0.39461439847946167,
        0.5268438458442688
    ],
    "88": [
        0.3821578323841095,
        0.4557807445526123
    ],
    "89": [
        0.3914797902107239,
        0.37335214018821716
    ],
    "90": [
        0.4094916880130768,
        0.2787020802497864
    ],
    "91": [
        0.38823971152305603,
        0.22416408360004425
    ],
    "92": [
        0.40862712264060974,
        0.15715819597244263
    ],
    "93": [
        0.4446077346801758,
        0.08857612311840057
    ],
    "94": [
        0.3892267644405365,
        0.07081431895494461
    ],
    "95": [
        0.3310849070549011,
        0.10232118517160416
    ],
    "96": [
        0.2524772882461548,
        0.06324909627437592
    ],
    "97": [
        0.2938206195831299,
        0.12248815596103668
    ],
    "98": [
        0.2858802080154419,
        0.17146088182926178
    ],
    "99": [
        0.2575511634349823,
        0.3909274637699127
    ],
    "100": [
        0.2759133279323578,
        0.45277440547943115
    ],
    "101": [
        0.2808763384819031,
        0.5189938545227051
    ],
    "102": [
        0.28578251600265503,
        0.5042399168014526
    ],
    "103": [
        0.27075254917144775,
        0.5932122468948364
    ],
    "104": [
        0.2529299855232239,
        0.6717186570167542
    ],
    "105": [
        0.2895922064781189,
        0.810509204864502
    ],
    "106": [
        0.28950172662734985,
        0.8032369017601013
    ],
    "107": [
        0.24774892628192902,
        0.886536180973053
    ],
    "108": [
        0.303299218416214,
        0.9818254113197327
    ],
    "109": [
        0.23251891136169434,
        0.9986786246299744
    ],
    "110": [
        0.16104340553283691,
        0.9912934303283691
    ],
    "111": [
        0.1715952754020691,
        0.9256264567375183
    ],
    "112": [
        0.17438161373138428,
        0.8497989773750305
    ],
    "113": [
        0.13099944591522217,
        0.8169374465942383
    ],
    "114": [
        0.1711723804473877,
        0.7277623414993286
    ],
    "115": [
        0.1656460165977478,
        0.6675836443901062
    ],
    "116": [
        0.12820366024971008,
        0.6017463803291321
    ],
    "117": [
        0.12075325846672058,
        0.5221132636070251
    ],
    "118": [
        0.18348254263401031,
        0.4656147360801697
    ],
    "119": [
        0.13391031324863434,
        0.3928188383579254
    ],
    "120": [
        0.1645214557647705,
        0.31866633892059326
    ],
    "121": [
        0.1841181516647339,
        0.23324282467365265
    ],
    "122": [
        0.16422607004642487,
        0.1450663059949875
    ],
    "123": [
        0.16054847836494446,
        0.08325591683387756
    ],
    "124": [
        0.15948109328746796,
        0.0
    ],