{"18": [0.9251769464105156, 0.9901112484548825], "19": [0.9595551061678463, 1.0], "20": [0.9352881698685541, 0.9060568603213844], "21": [1.0, 0.8170580964153276], "22": [0.9949443882709808, 0.757725587144623], "23": [0.9858442871587462, 0.695920889987639], "24": [0.9393326592517695, 0.6168108776266996], "25": [0.9150657229524772, 0.5302843016069221], "26": [0.9140546006066734, 0.4635352286773795], "27": [0.9292214357937311, 0.39060568603213847], "28": [0.910010111223458, 0.3337453646477132], "29": [0.8928210313447927, 0.26452410383189123], "30": [0.8968655207280081, 0.19530284301606923], "31": [0.8867542972699697, 0.138442521631644], "32": [0.9049544994944388, 0.13597033374536466], "33": [0.8291203235591507, 0.138442521631644], "34": [0.8018200202224469, 0.13967861557478367], "35": [0.7623862487360971, 0.18665018541409148], "36": [0.7684529828109201, 0.24103831891223734], "37": [0.7704752275025278, 0.3016069221260816], "38": [0.8169868554095046, 0.3399258343634116], "39": [0.7917087967644085, 0.4326328800988875], "40": [0.8301314459049545, 0.4647713226205192], "41": [0.80788675429727, 0.5414091470951793], "42": [0.7805864509605662, 0.6180469715698393], "43": [0.80788675429727, 0.6044499381953028], "44": [0.8038422649140546, 0.6699629171817059], "45": [0.8574317492416582, 0.7626699629171817], "46": [0.8099089989888777, 0.7948084054388134], "47": [0.8685540950455005, 0.8702101359703337], "48": [0.8786653185035389, 0.9468479604449939], "49": [0.7451971688574317, 0.9740420271940667], "50": [0.7269969666329625, 0.9023485784919654], "51": [0.7138523761375126, 0.8430160692212608], "52": [0.7269969666329625, 0.7441285537700866], "53": [0.7199191102123357, 0.6786155747836835], "54": [0.717896865520728, 0.6205191594561187], "55": [0.7128412537917088, 0.5698393077873919], "56": [0.6713852376137512, 0.48084054388133496], "57": [0.7037411526794742, 0.4561186650185414], "58": [0.6814964610717897, 0.3510506798516687], "59": [0.6976744186046512, 0.2904820766378245], "60": [0.7148634984833164, 0.23980222496909764], "61": [0.6976744186046512, 0.17058096415327564], "62": [0.7098078867542973, 0.11124845488257108], "63": [0.6430738119312437, 0.11248454882571075], "64": [0.5864509605662285, 0.11124845488257108], "65": [0.5520728008088979, 0.09888751545117429], "66": [0.5338725985844287, 0.15327564894932014], "67": [0.5328614762386249, 0.20148331273176762], "68": [0.5247724974721941, 0.26823238566131025], "69": [0.5399393326592518, 0.3411619283065513], "70": [0.5510616784630941, 0.38813349814585907], "71": [0.5419615773508595, 0.43139678615574784], "72": [0.5672396359959555, 0.5006180469715699], "73": [0.5480283114256825, 0.5784919653893696], "74": [0.5813953488372093, 0.6674907292954264], "75": [0.5652173913043478, 0.7095179233621756], "76": [0.5500505561172901, 0.796044499381953], "77": [0.5358948432760364, 0.8566131025957973], "78": [0.5955510616784631, 0.9666254635352287], "79": [0.49646107178968657, 0.930778739184178], "80": [0.4590495449949444, 0.8949320148331273], "81": [0.3993933265925177, 0.9147095179233622], "82": [0.39838220424671383, 0.8516687268232386], "83": [0.3943377148634985, 0.7824474660074165], "84": [0.3953488372093023, 0.7070457354758962], "85": [0.42163801820020225, 0.6328800988875154], "86": [0.44792719919110213, 0.5673671199011124], "87": [0.4084934277047523, 0.4969097651421508], "88": [0.39635995955510617, 0.4289245982694685], "89": [0.40546006066734075, 0.3535228677379481], "90": [0.42264914054600605, 0.2694684796044499], "91": [0.4024266936299292, 0.21878862793572312], "92": [0.42163801820020225, 0.1619283065512979], "93": [0.455005055611729, 0.10630407911001236], "94": [0.4034378159757331, 0.08529048207663782], "95": [0.3488372093023256, 0.10630407911001236], "96": [0.2750252780586451, 0.06427688504326329], "97": [0.3134479271991911, 0.11990111248454882], "98": [0.30535894843276035, 0.1619283065512979], "99": [0.2750252780586451, 0.3572311495673671], "100": [0.29221435793731043, 0.41656365883807167], "101": [0.29625884732052576, 0.4796044499381953], "102": [0.301314459049545, 0.46600741656365885], "103": [0.2851365015166835, 0.5500618046971569], "104": [0.2659251769464105, 0.6254635352286774], "105": [0.301314459049545, 0.7676143386897404], "106": [0.301314459049545, 0.7601977750309024], "107": [0.2568250758341759, 0.8430160692212608], "108": [0.3134479271991911, 0.9468479604449939], "109": [0.23862487360970677, 0.9604449938195303], "110": [0.16279069767441862, 0.9480840543881335], "111": [0.17593528816986856, 0.8788627935723115], "112": [0.18099089989888775, 0.799752781211372], "113": [0.1365015166835187, 0.7626699629171817], "114": [0.18099089989888775, 0.6749072929542645], "115": [0.1769464105156724, 0.6143386897404203], "116": [0.14054600606673406, 0.546353522867738], "117": [0.13549039433771487, 0.4684796044499382], "118": [0.20020222446916078, 0.42027194066749074], "119": [0.15267947421638017, 0.3473423980222497], "120": [0.18503538928210314, 0.28182941903584674], "121": [0.20626895854398383, 0.20642768850432633], "122": [0.1890798786653185, 0.1260815822002472], "123": [0.1870576339737108, 0.07169344870210136], "124": [0.18806875631951467, 0.0], "125": [0.10414560161779575, 0.0630407911001236], "126": [0.0859453993933266, 0.04326328800988875], "127": [0.07987866531850354, 0.09517923362175525], "128": [0.06370070778564206, 0.14585908529048208], "129": [0.047522750252780584, 0.20642768850432633], "130": [0.06167846309403438, 0.30902348578491967], "131": [0.05965621840242669, 0.36093943139678614], "132": [0.04853387259858443, 0.43757725587144625], "133": [0.034378159757330634, 0.511742892459827], "134": [0.04044489383215369, 0.5859085290482077], "135": [0.014155712841253791, 0.6440049443757726], "136": [0.0, 0.7095179233621756], "137": [0.029322548028311426, 0.7873918417799752], "138": [0.028311425682507583, 0.861557478368356], "139": [0.04853387259858443, 0.9468479604449939], "140": [0.07684529828109202, 0.9443757725587144], "141": [0.14256825075834176, 0.9406674907292955], "142": [0.20222446916076844, 0.9431396786155748], "143": [0.2780586450960566, 0.9641532756489494], "144": [0.339737108190091, 0.9542645241038319], "145": [0.39332659251769464, 0.9530284301606922], "146": [0.4580384226491405, 0.9666254635352287], "147": [0.5247724974721941, 0.9678615574783683], "148": [0.6006066734074823, 0.9802224969097652], "149": [0.6238624873609707, 0.9814585908529048]}