{"0": [0.9561933534743202, 0.9216494845360824], "1": [0.9531722054380665, 0.8309278350515464], "2": [0.9561933534743202, 0.7628865979381443], "3": [0.959214501510574, 0.711340206185567], "4": [0.9425981873111783, 0.6268041237113402], "5": [0.9516616314199395, 0.5195876288659794], "6": [0.9229607250755287, 0.47010309278350515], "7": [0.9818731117824774, 0.3938144329896907], "8": [0.9758308157099698, 0.3237113402061856], "9": [0.93202416918429, 0.23505154639175257], "10": [1.0, 0.18350515463917524], "11": [0.9758308157099698, 0.09690721649484536], "12": [0.9259818731117825, 0.012371134020618556], "13": [0.904833836858006, 0.04536082474226804], "14": [0.851963746223565, 0.024742268041237112], "15": [0.8217522658610272, 0.07010309278350516], "16": [0.8640483383685801, 0.14845360824742268], "17": [0.8580060422960725, 0.21443298969072164], "18": [0.8368580060422961, 0.2804123711340206], "19": [0.8187311178247734, 0.3835051546391753], "20": [0.8172205438066465, 0.4639175257731959], "21": [0.824773413897281, 0.5195876288659794], "22": [0.8368580060422961, 0.6103092783505155], "23": [0.8262839879154078, 0.688659793814433], "24": [0.8851963746223565, 0.7608247422680412], "25": [0.8942598187311178, 0.8350515463917526], "26": [0.8489425981873112, 0.9298969072164949], "27": [0.8383685800604229, 0.9567010309278351], "28": [0.7719033232628398, 0.9381443298969072], "29": [0.783987915407855, 0.8927835051546392], "30": [0.7371601208459214, 0.8206185567010309], "31": [0.7477341389728097, 0.7381443298969073], "32": [0.7658610271903323, 0.6515463917525773], "33": [0.7764350453172205, 0.5649484536082474], "34": [0.7643504531722054, 0.5298969072164949], "35": [0.7643504531722054, 0.3835051546391753], "36": [0.7764350453172205, 0.3402061855670103], "37": [0.7598187311178247, 0.2556701030927835], "38": [0.7643504531722054, 0.1731958762886598], "39": [0.7764350453172205, 0.088659793814433], "40": [0.770392749244713, 0.0], "41": [0.6888217522658611, 0.020618556701030927], "42": [0.648036253776435, 0.041237113402061855], "43": [0.6586102719033232, 0.0865979381443299], "44": [0.6601208459214502, 0.15670103092783505], "45": [0.648036253776435, 0.22268041237113403], "46": [0.6359516616314199, 0.2948453608247423], "47": [0.6722054380664653, 0.4], "48": [0.6299093655589124, 0.47835051546391755], "49": [0.6435045317220544, 0.5402061855670103], "50": [0.6903323262839879, 0.7649484536082474], "51": [0.6570996978851964, 0.8371134020618557], "52": [0.6510574018126888, 0.9360824742268041], "53": [0.6586102719033232, 0.9525773195876288], "54": [0.6027190332326284, 0.9587628865979382], "55": [0.6072507552870091, 0.9278350515463918], "56": [0.6057401812688822, 0.8391752577319588], "57": [0.6132930513595166, 0.7649484536082474], "58": [0.5981873111782477, 0.688659793814433], "59": [0.6042296072507553, 0.6288659793814433], "60": [0.6012084592145015, 0.5030927835051546], "61": [0.6012084592145015, 0.4329896907216495], "62": [0.5709969788519638, 0.3670103092783505], "63": [0.581570996978852, 0.3216494845360825], "64": [0.5619335347432024, 0.21443298969072164], "65": [0.6072507552870091, 0.15876288659793814], "66": [0.5619335347432024, 0.05360824742268041], "67": [0.5558912386706949, 0.030927835051546393], "68": [0.5181268882175226, 0.03505154639175258], "69": [0.4909365558912387, 0.024742268041237112], "70": [0.49395770392749244, 0.09278350515463918], "71": [0.513595166163142, 0.19381443298969073], "72": [0.4652567975830816, 0.30721649484536084], "73": [0.46676737160120846, 0.3670103092783505], "74": [0.48036253776435045, 0.42061855670103093], "75": [0.5287009063444109, 0.51340206185567], "76": [0.48036253776435045, 0.5690721649484536], "77": [0.49244712990936557, 0.6556701030927835], "78": [0.5060422960725075, 0.7360824742268042], "79": [0.49244712990936557, 0.8597938144329897], "80": [0.4954682779456193, 0.934020618556701], "81": [0.48036253776435045, 0.9670103092783505], "82": [0.4259818731117825, 0.9443298969072165], "83": [0.43202416918429004, 0.9051546391752577], "84": [0.44410876132930516, 0.8268041237113402], "85": [0.3942598187311178, 0.7505154639175258], "86": [0.43202416918429004, 0.6597938144329897], "87": [0.44410876132930516, 0.5814432989690722], "88": [0.4471299093655589, 0.511340206185567], "89": [0.4093655589123867, 0.4144329896907217], "90": [0.38821752265861026, 0.3628865979381443], "91": [0.40634441087613293, 0.2639175257731959], "92": [0.39274924471299094, 0.20618556701030927], "93": [0.38821752265861026, 0.12577319587628866], "94": [0.3957703927492447, 0.03917525773195876], "95": [0.38368580060422963, 0.04329896907216495], "96": [0.33534743202416917, 0.016494845360824743], "97": [0.32628398791540786, 0.09072164948453608], "98": [0.32779456193353473, 0.16082474226804125], "99": [0.33987915407854985, 0.26804123711340205], "100": [0.30513595166163143, 0.42061855670103093], "101": [0.34441087613293053, 0.49896907216494846], "102": [0.3580060422960725, 0.5814432989690722], "103": [0.34441087613293053, 0.6721649484536083], "104": [0.30513595166163143, 0.7402061855670103], "105": [0.32326283987915405, 0.845360824742268], "106": [0.3549848942598187, 0.8762886597938144], "107": [0.311178247734139, 0.9443298969072165], "108": [0.2930513595166163, 0.9670103092783505], "109": [0.27492447129909364, 0.9278350515463918], "110": [0.2688821752265861, 0.865979381443299], "111": [0.22658610271903323, 0.7711340206185567], "112": [0.22356495468277945, 0.6783505154639176], "113": [0.256797583081571, 0.5917525773195876], "114": [0.21299093655589124, 0.5402061855670103], "115": [0.2190332326283988, 0.44536082474226807], "116": [0.24773413897280966, 0.34845360824742266], "117": [0.26435045317220546, 0.2907216494845361], "118": [0.2326283987915408, 0.21855670103092784], "119": [0.2552870090634441, 0.1134020618556701], "120": [0.23716012084592145, 0.03505154639175258], "121": [0.2280966767371601, 0.03505154639175258], "122": [0.17673716012084592, 0.05154639175257732], "123": [0.17522658610271905, 0.06804123711340206], "124": [0.1661631419939577, 0.12783505154639174], "125": [0.1419939577039275, 0.22061855670103092], "126": [0.1419939577039275, 0.3154639175257732], "127": [0.14350453172205438, 0.41030927835051545], "128": [0.13444108761329304, 0.4577319587628866], "129": [0.1404833836858006, 0.5505154639175258], "130": [0.14501510574018128, 0.6103092783505155], "131": [0.18882175226586104, 0.6969072164948453], "132": [0.13746223564954682, 0.7670103092783506], "133": [0.18731117824773413, 0.8515463917525773], "134": [0.13897280966767372, 0.9381443298969072], "135": [0.13897280966767372, 0.9814432989690721], "136": [0.0634441087613293, 1.0], "137": [0.05740181268882175, 0.9195876288659793], "138": [0.09214501510574018, 0.8206185567010309], "139": [0.09214501510574018, 0.7587628865979381], "140": [0.0513595166163142, 0.6762886597938145], "141": [0.0649546827794562, 0.5608247422680412], "142": [0.0, 0.5154639175257731], "143": [0.1027190332326284, 0.422680412371134], "144": [0.0649546827794562, 0.3463917525773196], "145": [0.055891238670694864, 0.26597938144329897], "146": [0.0634441087613293, 0.16907216494845362], "147": [0.0634441087613293, 0.08453608247422681], "148": [0.09818731117824774, 0.032989690721649485], "149": [0.09818731117824774, 0.016494845360824743]}