{"0": [0.5928853754940712, 34.19095477386934], "1": [0.5928853754940712, 34.14572864321608], "2": [24.486166007905137, 35.321608040201006], "3": [0.5335968379446641, 34.19095477386934], "4": [0.6521739130434783, 34.23618090452261], "5": [0.5928853754940712, 34.19095477386934], "6": [0.5335968379446641, 34.19095477386934], "7": [0.5928853754940712, 34.19095477386934], "8": [0.5335968379446641, 34.19095477386934], "9": [0.5928853754940712, 34.19095477386934], "10": [0.6521739130434783, 34.23618090452261], "11": [0.5928853754940712, 34.23618090452261], "12": [0.5928853754940712, 34.19095477386934], "13": [0.5928853754940712, 34.19095477386934], "14": [59.11067193675889, 45.0], "15": [60.0, 43.869346733668344], "16": [57.80632411067194, 39.346733668341706], "17": [54.24901185770751, 38.30653266331658], "18": [56.26482213438735, 38.66834170854271], "19": [54.841897233201585, 35.231155778894475], "20": [58.63636363636364, 31.974874371859297], "21": [58.3399209486166, 29.804020100502512], "22": [57.80632411067194, 27.542713567839193], "23": [55.07905138339921, 24.648241206030153], "24": [53.656126482213445, 21.48241206030151], "25": [53.59683794466403, 19.040201005025125], "26": [54.48616600790514, 16.371859296482413], "27": [53.3596837944664, 14.291457286432161], "28": [52.35177865612648, 11.758793969849247], "29": [52.58893280632412, 9.226130653266331], "30": [51.99604743083004, 7.1457286432160805], "31": [53.06324110671937, 7.055276381909548], "32": [48.616600790513836, 7.1457286432160805], "33": [47.015810276679844, 7.190954773869347], "34": [44.70355731225297, 8.909547738693467], "35": [45.059288537549406, 10.899497487437186], "36": [45.17786561264822, 13.115577889447236], "37": [47.90513833992095, 14.517587939698492], "38": [46.422924901185766, 17.90954773869347], "39": [48.67588932806324, 19.08542713567839], "40": [47.37154150197628, 21.889447236180903], "41": [45.7707509881423, 24.693467336683415], "42": [47.37154150197628, 24.195979899497488], "43": [47.134387351778656, 26.5929648241206], "44": [50.276679841897234, 29.984924623115575], "45": [47.490118577075094, 31.160804020100503], "46": [50.92885375494071, 33.91959798994975], "47": [51.52173913043478, 36.72361809045226], "48": [43.69565217391305, 37.718592964824126], "49": [42.62845849802372, 35.09547738693467], "50": [41.85770750988142, 32.92462311557789], "51": [42.62845849802372, 29.306532663316585], "52": [42.21343873517787, 26.90954773869347], "53": [42.09486166007905, 24.78391959798995], "54": [41.798418972332016, 22.92964824120603], "55": [39.36758893280632, 19.673366834170853], "56": [41.26482213438735, 18.768844221105528], "57": [39.9604743083004, 14.924623115577889], "58": [40.90909090909091, 12.70854271356784], "59": [41.91699604743083, 10.854271356783919], "60": [40.90909090909091, 8.321608040201005], "61": [41.6205533596838, 6.150753768844221], "62": [37.70750988142293, 6.1959798994974875], "63": [34.387351778656125, 6.150753768844221], "64": [32.37154150197628, 5.698492462311557], "65": [31.304347826086957, 7.688442211055276], "66": [31.245059288537547, 9.452261306532662], "67": [30.770750988142296, 11.894472361809045], "68": [31.660079051383395, 14.56281407035176], "69": [32.312252964426875, 16.28140703517588], "70": [31.77865612648222, 17.8643216080402], "71": [33.26086956521739, 20.396984924623116], "72": [32.134387351778656, 23.246231155778894], "73": [34.09090909090909, 26.502512562814072], "74": [33.14229249011858, 28.04020100502513], "75": [32.25296442687747, 31.20603015075377], "76": [31.42292490118577, 33.42211055276382], "77": [34.92094861660079, 37.447236180904525], "78": [29.11067193675889, 36.1356783919598], "79": [26.916996047430832, 34.824120603015075], "80": [23.418972332015812, 35.54773869346734], "81": [23.359683794466402, 33.24120603015075], "82": [23.122529644268774, 30.70854271356784], "83": [23.18181818181818, 27.949748743718594], "84": [24.723320158102766, 25.236180904522616], "85": [26.26482213438735, 22.839195979899497], "86": [23.952569169960476, 20.26130653266332], "87": [23.241106719367586, 17.77386934673367], "88": [23.774703557312254, 15.015075376884422], "89": [24.782608695652176, 11.939698492462313], "90": [23.59683794466403, 10.085427135678392], "91": [24.723320158102766, 0.0], "92": [26.6798418972332, 5.969849246231156], "93": [23.656126482213438, 5.201005025125628], "94": [20.454545454545453, 5.969849246231156], "95": [16.126482213438734, 4.4321608040201], "96": [18.379446640316207, 6.467336683417085], "97": [17.90513833992095, 8.00502512562814], "98": [16.126482213438734, 15.150753768844222], "99": [17.134387351778656, 17.321608040201006], "100": [17.371541501976285, 19.628140703517587], "101": [17.66798418972332, 19.13065326633166], "102": [16.719367588932805, 22.20603015075377], "103": [15.59288537549407, 24.964824120603016], "104": [17.66798418972332, 30.16582914572864], "105": [17.66798418972332, 29.894472361809047], "106": [15.059288537549406, 32.92462311557789], "107": [18.379446640316207, 36.72361809045226], "108": [13.99209486166008, 37.22110552763819], "109": [9.545454545454545, 36.76884422110553], "110": [10.316205533596838, 34.23618090452261], "111": [10.612648221343873, 31.341708542713565], "112": [8.003952569169961, 29.984924623115575], "113": [10.612648221343873, 26.773869346733665], "114": [10.375494071146246, 24.55778894472362], "115": [8.24110671936759, 22.070351758793972], "116": [7.944664031620555, 19.22110552763819], "117": [11.73913043478261, 17.457286432160803], "118": [8.952569169960475, 14.78894472361809], "119": [10.849802371541502, 12.391959798994975], "120": [12.09486166007905, 9.633165829145728], "121": [11.086956521739129, 6.693467336683416], "122": [10.968379446640316, 4.703517587939698], "123": [11.027667984189723, 2.080402010050251], "124": [6.106719367588933, 4.3869346733668335], "125": [5.0395256916996045, 3.663316582914573], "126": [4.683794466403162, 5.5628140703517595], "127": [3.7351778656126484, 7.417085427135678], "128": [2.7865612648221347, 9.633165829145728], "129": [3.616600790513834, 13.386934673366833], "130": [3.49802371541502, 15.286432160804019], "131": [2.8458498023715415, 18.090452261306535], "132": [2.015810276679842, 20.804020100502512], "133": [2.3715415019762847, 23.517587939698494], "134": [0.8300395256916996, 25.64321608040201], "135": [0.0, 28.04020100502513], "136": [1.7193675889328064, 30.889447236180906], "137": [1.6600790513833992, 33.60301507537688], "138": [2.8458498023715415, 36.72361809045226], "139": [4.5059288537549405, 36.633165829145725], "140": [8.359683794466402, 36.49748743718593], "141": [11.857707509881422, 36.58793969849246], "142": [16.304347826086957, 37.35678391959799], "143": [19.920948616600793, 36.994974874371856], "144": [23.063241106719367, 36.949748743718594], "145": [26.857707509881426, 37.447236180904525], "146": [30.770750988142296, 37.49246231155779], "147": [35.21739130434783, 37.94472361809045], "148": [36.581027667984195, 37.98994974874372]}